extractor,train_prec@5,train_mAP@5,test_prec@5,test_mAP@5
efficientnet_b0,0.9044000000000011,0.9472666666666667,0.8360000000000001,0.8984444444444444
resnet18,0.8716000000000009,0.927025,0.828,0.8784722222222221
vgg19,0.830000000000001,0.894372222222222,0.8079999999999999,0.8604722222222223
sift,0.4427999999999997,0.616336111111111,0.48800000000000004,0.6342499999999999
hsv_hist,0.4532000000000002,0.615952777777777,0.42,0.5820833333333333
rgb_hist,0.42159999999999975,0.5866249999999994,0.3479999999999999,0.5288888888888887
